experiment,rows_per_domain,feature_count,c2st_auc_mean,c2st_auc_std,c2st_auc_oof,mmd_rbf_stat,mmd_permutation_pvalue
job_due_layer,1848,22,0.7777061966382994,0.013217559410530436,0.7775034083881487,0.005687236785888672,0.012345679012345678
proc_time_layer,4000,23,0.59799453125,0.02480238903721021,0.5972184687500001,0.0009802579879760742,0.7654320987654321
