experiment,rows_per_domain,feature_count,c2st_auc_mean,c2st_auc_std,c2st_auc_oof,mmd_rbf_stat,mmd_permutation_pvalue
job_due_layer,1848,22,0.7777061966382994,0.013217559410530436,0.7775034083881487,0.005687236785888672,0.012345679012345678
proc_time_layer,3200,31,0.6079355468750001,0.016619158916169687,0.6075549804687499,0.0010894536972045898,0.43209876543209874
