source_scale,neighbor_scale,k,share
L,L,5,0.8444444444444444
L,M,5,0.15555555555555556
L,S,5,0.0
L,XS,5,0.0
M,L,5,0.17777777777777778
M,M,5,0.6444444444444444
M,S,5,0.17777777777777778
M,XS,5,0.0
S,L,5,0.0
S,M,5,0.24444444444444446
S,S,5,0.7333333333333333
S,XS,5,0.022222222222222223
XS,L,5,0.0
XS,M,5,0.2888888888888889
XS,S,5,0.2
XS,XS,5,0.5111111111111111
