regime_code,priority_class,sample_count_observed,mean_prob_observed_observed,mean_log_density_ratio_observed,sample_count_nominal,mean_prob_observed_nominal,mean_log_density_ratio_nominal,mean_prob_observed_delta,mean_log_density_ratio_delta,experiment
balanced,CONTRACTED,74,0.5009578080947451,0.020130098178338728,74,0.492433149563653,-0.030241171412001677,0.008524658531092077,0.050371269590340405,job_due_layer
balanced,REGULAR,405,0.5134167840485765,0.06576118654774571,405,0.4916465330792499,-0.03553206963922949,0.02177025096932661,0.1012932561869752,job_due_layer
balanced,URGENT,25,0.3982652733947859,-0.5640295959884669,25,0.5424120449679617,0.17395944549134282,-0.1441467715731758,-0.7379890414798097,job_due_layer
disrupted,CONTRACTED,106,0.6963751006293535,1.1309698047370735,106,0.29046121032211614,-0.9383520485068422,0.40591389030723735,2.069321853243916,job_due_layer
disrupted,REGULAR,443,0.7361014145992653,1.4567977462474109,443,0.2667397082657557,-1.048639897981028,0.46936170633350954,2.505437644228439,job_due_layer
disrupted,URGENT,123,0.6873552353479652,1.0880599693367874,123,0.3200435554175203,-0.7771728894808232,0.3673116799304449,1.8652328588176106,job_due_layer
peak,CONTRACTED,121,0.6255809537491593,0.7095340377813709,121,0.38820280503802634,-0.47697354014916854,0.237378148711133,1.1865075779305394,job_due_layer
peak,REGULAR,474,0.6127317414676565,0.6264073300243479,474,0.38551069439384233,-0.49119355897164263,0.2272210470738142,1.1176008889959905,job_due_layer
peak,URGENT,77,0.5878623148854399,0.4205088799542698,77,0.4147318291307627,-0.35711510646635275,0.17313048575467727,0.7776239864206225,job_due_layer
