regime_code,priority_class,sample_count_observed,mean_prob_observed_observed,mean_log_density_ratio_observed,sample_count_nominal,mean_prob_observed_nominal,mean_log_density_ratio_nominal,mean_prob_observed_delta,mean_log_density_ratio_delta,experiment
balanced,CONTRACTED,74,0.5009578080947436,0.02013009817833107,74,0.4924331495636512,-0.030241171412008962,0.008524658531092355,0.05037126959034004,job_due_layer
balanced,REGULAR,405,0.5134167840485756,0.06576118654774118,405,0.4916465330792485,-0.035532069639235,0.02177025096932711,0.10129325618697618,job_due_layer
balanced,URGENT,25,0.3982652733947774,-0.5640295959885043,25,0.542412044967956,0.17395944549131973,-0.14414677157317862,-0.737989041479824,job_due_layer
disrupted,CONTRACTED,106,0.6963751006293527,1.1309698047370673,106,0.2904612103221157,-0.9383520485068442,0.405913890307237,2.0693218532439115,job_due_layer
disrupted,REGULAR,443,0.7361014145992657,1.4567977462474142,443,0.26673970826575527,-1.0486398979810294,0.46936170633351043,2.5054376442284436,job_due_layer
disrupted,URGENT,123,0.6873552353479615,1.0880599693367623,123,0.3200435554175152,-0.7771728894808468,0.3673116799304463,1.8652328588176093,job_due_layer
peak,CONTRACTED,121,0.6255809537491601,0.7095340377813752,121,0.38820280503802607,-0.4769735401491692,0.23737814871113405,1.1865075779305445,job_due_layer
peak,REGULAR,474,0.6127317414676577,0.6264073300243552,474,0.38551069439384383,-0.4911935589716355,0.2272210470738139,1.1176008889959907,job_due_layer
peak,URGENT,77,0.5878623148854378,0.4205088799542578,77,0.4147318291307589,-0.35711510646636846,0.17313048575467893,0.7776239864206262,job_due_layer
