segment_label,job_count,job_share,flow_mean,flow_p95,queue_mean,queue_p95,overwait_share,due_margin_p05
WET,573,0.31006493506493504,89.95113438045375,154.0,31.657940663176266,92.39999999999998,0.0017452006980802793,199.6
APPOINTMENT_AND_WET,361,0.19534632034632035,87.5207756232687,151.0,29.62049861495845,88.0,0.0,193.0
URGENT,225,0.12175324675324675,85.50666666666666,149.0,31.653333333333332,97.0,0.0044444444444444444,170.4
APPOINTMENT,1219,0.6596320346320347,79.86382280557834,143.0,26.92452830188679,88.0,0.002461033634126333,192.0
URGENT_AND_WET,75,0.040584415584415584,86.50666666666666,141.3,28.013333333333332,79.89999999999999,0.0,169.7
