{
  "instance_id": "GO_L_PEAK_03",
  "observational_noise_model_id": "pequiflux_observed_noise_v1_1",
  "observational_noise_seed": 3323708476,
  "due_instance_random_min": 9.29524,
  "due_shift_random_min": {
    "EARLY": -5.23928,
    "MID": -4.41289,
    "LATE": -1.4317,
    "OVERNIGHT": 3.3583
  },
  "proc_stage_instance_log": {
    "WEIGH_IN": -0.01304,
    "SAMPLE_CLASSIFY": -0.04558,
    "UNLOAD": -0.02541,
    "WEIGH_OUT": -0.00494
  },
  "proc_machine_latent_log": {
    "WB1": 0.02252,
    "WB2": -0.00453,
    "WB3": 0.03643,
    "WB4": -0.02195,
    "LAB1": -0.0391,
    "LAB2": 0.08149,
    "LAB3": 0.05097,
    "HOP1": -0.06233,
    "HOP2": -0.02513,
    "HOP3": -0.10866,
    "HOP4": -0.05023,
    "HOP5": -0.03096,
    "HOP6": -0.03524
  }
}